<?xml version="1.0" encoding="UTF-8"?>
<document type="com.apple.InterfaceBuilder3.CocoaTouch.Storyboard.XIB" version="3.0" toolsVersion="12121" systemVersion="16F73" targetRuntime="iOS.CocoaTouch" propertyAccessControl="none" useAutolayout="YES" useTraitCollections="YES" colorMatched="YES" initialViewController="BYZ-38-t0r">
    <device id="retina4_7" orientation="portrait">
        <adaptation id="fullscreen"/>
    </device>
    <dependencies>
        <deployment identifier="iOS"/>
        <plugIn identifier="com.apple.InterfaceBuilder.IBCocoaTouchPlugin" version="12089"/>
        <capability name="documents saved in the Xcode 8 format" minToolsVersion="8.0"/>
    </dependencies>
    <scenes>
        <!--View Controller-->
        <scene sceneID="tne-QT-ifu">
            <objects>
                <viewController id="BYZ-38-t0r" customClass="ViewController" customModule="AnimationWithAutoLayout" customModuleProvider="target" sceneMemberID="viewController">
                    <layoutGuides>
                        <viewControllerLayoutGuide type="top" id="y3c-jy-aDJ"/>
                        <viewControllerLayoutGuide type="bottom" id="wfy-db-euE"/>
                    </layoutGuides>
                    <view key="view" contentMode="scaleToFill" id="8bC-Xf-vdC">
                        <rect key="frame" x="0.0" y="0.0" width="375" height="667"/>
                        <autoresizingMask key="autoresizingMask" widthSizable="YES" heightSizable="YES"/>
                        <subviews>
                            <button opaque="NO" contentMode="scaleToFill" contentHorizontalAlignment="center" contentVerticalAlignment="center" buttonType="roundedRect" lineBreakMode="middleTruncation" translatesAutoresizingMaskIntoConstraints="NO" id="Y6W-zh-G0r">
                                <rect key="frame" x="0.0" y="627" width="375" height="40"/>
                                <color key="backgroundColor" red="1" green="0.57612798294659018" blue="0.13274941713695887" alpha="1" colorSpace="custom" customColorSpace="sRGB"/>
                                <constraints>
                                    <constraint firstAttribute="height" constant="40" id="Ivg-8b-oki"/>
                                </constraints>
                                <state key="normal" title="Button"/>
                                <connections>
                                    <action selector="ClickMeToAnimate:" destination="BYZ-38-t0r" eventType="touchUpInside" id="rJN-bS-fyx"/>
                                </connections>
                            </button>
                            <view contentMode="scaleToFill" translatesAutoresizingMaskIntoConstraints="NO" id="Cgp-0T-0Py" userLabel="Button View">
                                <rect key="frame" x="0.0" y="677" width="375" height="200"/>
                                <subviews>
                                    <button opaque="NO" contentMode="scaleToFill" fixedFrame="YES" contentHorizontalAlignment="center" contentVerticalAlignment="center" buttonType="roundedRect" lineBreakMode="middleTruncation" translatesAutoresizingMaskIntoConstraints="NO" id="hSv-5j-1I3">
                                        <rect key="frame" x="40" y="36" width="98" height="30"/>
                                        <autoresizingMask key="autoresizingMask" flexibleMaxX="YES" flexibleMaxY="YES"/>
                                        <color key="backgroundColor" name="selectedTextBackgroundColor" catalog="System" colorSpace="catalog"/>
                                        <color key="tintColor" cocoaTouchSystemColor="darkTextColor"/>
                                        <state key="normal" title="Click ME"/>
                                    </button>
                                </subviews>
                                <color key="backgroundColor" red="0.0" green="1" blue="1" alpha="1" colorSpace="calibratedRGB"/>
                                <constraints>
                                    <constraint firstAttribute="height" constant="200" id="daE-sN-93w"/>
                                </constraints>
                            </view>
                        </subviews>
                        <color key="backgroundColor" red="1" green="1" blue="1" alpha="1" colorSpace="custom" customColorSpace="sRGB"/>
                        <constraints>
                            <constraint firstItem="wfy-db-euE" firstAttribute="top" secondItem="Y6W-zh-G0r" secondAttribute="bottom" id="1AS-kk-iYS"/>
                            <constraint firstItem="Y6W-zh-G0r" firstAttribute="centerX" secondItem="8bC-Xf-vdC" secondAttribute="centerX" id="Fg5-TR-j0d"/>
                            <constraint firstItem="Y6W-zh-G0r" firstAttribute="top" secondItem="Cgp-0T-0Py" secondAttribute="bottom" constant="-250" id="S9b-eh-7yk"/>
                            <constraint firstItem="Cgp-0T-0Py" firstAttribute="width" secondItem="8bC-Xf-vdC" secondAttribute="width" id="hCE-0t-1um"/>
                            <constraint firstItem="Y6W-zh-G0r" firstAttribute="width" secondItem="8bC-Xf-vdC" secondAttribute="width" id="oWN-un-bQR"/>
                            <constraint firstItem="Cgp-0T-0Py" firstAttribute="centerX" secondItem="8bC-Xf-vdC" secondAttribute="centerX" id="yBF-zy-qK8"/>
                        </constraints>
                    </view>
                    <connections>
                        <outlet property="ViewBottomSpace" destination="S9b-eh-7yk" id="XUr-v1-OZx"/>
                    </connections>
                </viewController>
                <placeholder placeholderIdentifier="IBFirstResponder" id="dkx-z0-nzr" sceneMemberID="firstResponder"/>
            </objects>
            <point key="canvasLocation" x="24.800000000000001" y="36.431784107946029"/>
        </scene>
    </scenes>
</document>
