<?xml version="1.0" encoding="UTF-8"?>
<document type="com.apple.InterfaceBuilder3.CocoaTouch.Storyboard.XIB" version="3.0" toolsVersion="12121" systemVersion="16F73" targetRuntime="iOS.CocoaTouch" propertyAccessControl="none" useAutolayout="YES" useTraitCollections="YES" colorMatched="YES" initialViewController="f6f-rJ-uqn">
    <device id="ipad10_5" orientation="portrait">
        <adaptation id="fullscreen"/>
    </device>
    <dependencies>
        <deployment identifier="iOS"/>
        <plugIn identifier="com.apple.InterfaceBuilder.IBCocoaTouchPlugin" version="12089"/>
        <capability name="Constraints to layout margins" minToolsVersion="6.0"/>
        <capability name="Constraints with non-1.0 multipliers" minToolsVersion="5.1"/>
        <capability name="documents saved in the Xcode 8 format" minToolsVersion="8.0"/>
    </dependencies>
    <scenes>
        <!--View Controller-->
        <scene sceneID="tne-QT-ifu">
            <objects>
                <viewController id="BYZ-38-t0r" customClass="ViewController" customModule="ShaikatAutoLayout02" customModuleProvider="target" sceneMemberID="viewController">
                    <layoutGuides>
                        <viewControllerLayoutGuide type="top" id="y3c-jy-aDJ"/>
                        <viewControllerLayoutGuide type="bottom" id="wfy-db-euE"/>
                    </layoutGuides>
                    <view key="view" contentMode="scaleToFill" id="8bC-Xf-vdC">
                        <rect key="frame" x="0.0" y="0.0" width="834" height="1112"/>
                        <autoresizingMask key="autoresizingMask" widthSizable="YES" heightSizable="YES"/>
                        <subviews>
                            <view contentMode="scaleToFill" translatesAutoresizingMaskIntoConstraints="NO" id="gne-bl-tc9" userLabel="Green View">
                                <rect key="frame" x="297" y="492" width="240" height="128"/>
                                <color key="backgroundColor" red="0.0" green="1" blue="1" alpha="1" colorSpace="calibratedRGB"/>
                                <constraints>
                                    <constraint firstAttribute="height" constant="128" id="SgW-LX-yNu"/>
                                    <constraint firstAttribute="width" constant="240" id="tOw-xF-Vuq"/>
                                </constraints>
                            </view>
                        </subviews>
                        <color key="backgroundColor" red="1" green="1" blue="1" alpha="1" colorSpace="custom" customColorSpace="sRGB"/>
                        <constraints>
                            <constraint firstItem="gne-bl-tc9" firstAttribute="centerX" secondItem="8bC-Xf-vdC" secondAttribute="centerX" id="8qR-vh-mXn"/>
                            <constraint firstItem="gne-bl-tc9" firstAttribute="centerY" secondItem="8bC-Xf-vdC" secondAttribute="centerY" id="V2K-ff-Ack"/>
                        </constraints>
                    </view>
                    <navigationItem key="navigationItem" id="NI6-Pz-FHa">
                        <barButtonItem key="rightBarButtonItem" title="Next" id="vM2-ZF-1lJ">
                            <connections>
                                <segue destination="cFG-Qg-C04" kind="show" id="Ml8-ge-ZBS"/>
                            </connections>
                        </barButtonItem>
                    </navigationItem>
                </viewController>
                <placeholder placeholderIdentifier="IBFirstResponder" id="dkx-z0-nzr" sceneMemberID="firstResponder"/>
            </objects>
            <point key="canvasLocation" x="1021.875" y="36.971830985915496"/>
        </scene>
        <!--autolayout 3-->
        <scene sceneID="BdP-83-d8q">
            <objects>
                <viewController id="cFG-Qg-C04" sceneMemberID="viewController">
                    <layoutGuides>
                        <viewControllerLayoutGuide type="top" id="Xcy-ze-A4n"/>
                        <viewControllerLayoutGuide type="bottom" id="EcK-4C-ywr"/>
                    </layoutGuides>
                    <view key="view" contentMode="scaleToFill" id="AoK-rX-iZ6">
                        <rect key="frame" x="0.0" y="0.0" width="834" height="1112"/>
                        <autoresizingMask key="autoresizingMask" widthSizable="YES" heightSizable="YES"/>
                        <subviews>
                            <view contentMode="scaleToFill" translatesAutoresizingMaskIntoConstraints="NO" id="yMH-kU-3Of">
                                <rect key="frame" x="431.5" y="64" width="382.5" height="446.5"/>
                                <color key="backgroundColor" name="selectedTextBackgroundColor" catalog="System" colorSpace="catalog"/>
                            </view>
                            <view contentMode="scaleToFill" translatesAutoresizingMaskIntoConstraints="NO" id="SqY-7W-YJV">
                                <rect key="frame" x="20" y="64" width="382.5" height="446.5"/>
                                <color key="backgroundColor" red="0.46764679300000001" green="0.83125793150000005" blue="0.53996840599999996" alpha="1" colorSpace="custom" customColorSpace="sRGB"/>
                            </view>
                            <view contentMode="scaleToFill" translatesAutoresizingMaskIntoConstraints="NO" id="cvE-4c-kNQ">
                                <rect key="frame" x="20" y="574.5" width="382.5" height="446.5"/>
                                <color key="backgroundColor" name="selectedTextBackgroundColor" catalog="System" colorSpace="catalog"/>
                            </view>
                            <view contentMode="scaleToFill" translatesAutoresizingMaskIntoConstraints="NO" id="eKP-yQ-c1u">
                                <rect key="frame" x="431.5" y="574.5" width="382.5" height="446.5"/>
                                <color key="backgroundColor" red="0.46764679300000001" green="0.83125793150000005" blue="0.53996840599999996" alpha="1" colorSpace="custom" customColorSpace="sRGB"/>
                            </view>
                            <button opaque="NO" contentMode="scaleToFill" contentHorizontalAlignment="center" contentVerticalAlignment="center" buttonType="roundedRect" lineBreakMode="middleTruncation" translatesAutoresizingMaskIntoConstraints="NO" id="JWb-Dt-IVt">
                                <rect key="frame" x="0.0" y="1072" width="834" height="40"/>
                                <color key="backgroundColor" red="1" green="0.43995733869999998" blue="0.46637199940000001" alpha="1" colorSpace="custom" customColorSpace="sRGB"/>
                                <constraints>
                                    <constraint firstAttribute="height" constant="40" id="F3E-el-sDh"/>
                                </constraints>
                                <state key="normal" title="Button"/>
                            </button>
                        </subviews>
                        <color key="backgroundColor" white="1" alpha="1" colorSpace="calibratedWhite"/>
                        <constraints>
                            <constraint firstItem="EcK-4C-ywr" firstAttribute="top" secondItem="eKP-yQ-c1u" secondAttribute="bottom" constant="91" id="1B0-xZ-gw9"/>
                            <constraint firstItem="eKP-yQ-c1u" firstAttribute="top" secondItem="yMH-kU-3Of" secondAttribute="bottom" constant="64" id="EUQ-8P-q1o"/>
                            <constraint firstItem="JWb-Dt-IVt" firstAttribute="centerX" secondItem="AoK-rX-iZ6" secondAttribute="centerX" id="JgL-l0-lZ8"/>
                            <constraint firstAttribute="leadingMargin" secondItem="SqY-7W-YJV" secondAttribute="leading" id="KpM-lM-UUy"/>
                            <constraint firstItem="yMH-kU-3Of" firstAttribute="width" secondItem="SqY-7W-YJV" secondAttribute="width" id="MMn-AS-6g0"/>
                            <constraint firstItem="yMH-kU-3Of" firstAttribute="top" secondItem="Xcy-ze-A4n" secondAttribute="bottom" id="PFE-nR-6nR"/>
                            <constraint firstItem="JWb-Dt-IVt" firstAttribute="width" secondItem="AoK-rX-iZ6" secondAttribute="width" id="POm-yc-zNZ"/>
                            <constraint firstItem="SqY-7W-YJV" firstAttribute="top" secondItem="Xcy-ze-A4n" secondAttribute="bottom" id="WTq-ev-Zrx"/>
                            <constraint firstItem="cvE-4c-kNQ" firstAttribute="top" secondItem="SqY-7W-YJV" secondAttribute="bottom" constant="64" id="Wkl-D2-Sr5"/>
                            <constraint firstItem="cvE-4c-kNQ" firstAttribute="width" secondItem="SqY-7W-YJV" secondAttribute="width" id="ZGv-w7-jEP"/>
                            <constraint firstItem="eKP-yQ-c1u" firstAttribute="height" secondItem="SqY-7W-YJV" secondAttribute="height" id="ZWz-Wm-iwa"/>
                            <constraint firstItem="EcK-4C-ywr" firstAttribute="top" secondItem="JWb-Dt-IVt" secondAttribute="bottom" id="hXX-rN-iEU"/>
                            <constraint firstItem="eKP-yQ-c1u" firstAttribute="trailing" secondItem="yMH-kU-3Of" secondAttribute="trailing" id="lAc-W5-g8C"/>
                            <constraint firstItem="cvE-4c-kNQ" firstAttribute="height" secondItem="SqY-7W-YJV" secondAttribute="height" id="lVl-3r-U7h"/>
                            <constraint firstItem="cvE-4c-kNQ" firstAttribute="leading" secondItem="SqY-7W-YJV" secondAttribute="leading" id="mmM-AC-ygP"/>
                            <constraint firstItem="eKP-yQ-c1u" firstAttribute="width" secondItem="SqY-7W-YJV" secondAttribute="width" id="nG9-ej-8Iy"/>
                            <constraint firstAttribute="trailingMargin" secondItem="yMH-kU-3Of" secondAttribute="trailing" id="nrF-l6-naO"/>
                            <constraint firstItem="yMH-kU-3Of" firstAttribute="leading" secondItem="SqY-7W-YJV" secondAttribute="trailing" constant="29" id="whe-ac-16X"/>
                            <constraint firstItem="eKP-yQ-c1u" firstAttribute="leading" secondItem="cvE-4c-kNQ" secondAttribute="trailing" constant="29" id="whx-66-Dhd"/>
                            <constraint firstItem="yMH-kU-3Of" firstAttribute="height" secondItem="SqY-7W-YJV" secondAttribute="height" id="zn4-KZ-aww"/>
                        </constraints>
                    </view>
                    <navigationItem key="navigationItem" title="autolayout 3" id="iUF-rr-eao">
                        <barButtonItem key="rightBarButtonItem" title="next" id="Z36-Xf-Yfm">
                            <connections>
                                <segue destination="Uqv-Qo-W8e" kind="show" id="a58-y5-dIR"/>
                            </connections>
                        </barButtonItem>
                    </navigationItem>
                </viewController>
                <placeholder placeholderIdentifier="IBFirstResponder" id="qSA-2t-F5r" userLabel="First Responder" sceneMemberID="firstResponder"/>
            </objects>
            <point key="canvasLocation" x="1823" y="37"/>
        </scene>
        <!--Auto Layout part 4-->
        <scene sceneID="6D7-Ji-Fz8">
            <objects>
                <viewController id="Uqv-Qo-W8e" userLabel="Auto Layout part 4" sceneMemberID="viewController">
                    <layoutGuides>
                        <viewControllerLayoutGuide type="top" id="QTc-tw-Cw1"/>
                        <viewControllerLayoutGuide type="bottom" id="XCC-g8-BTS"/>
                    </layoutGuides>
                    <view key="view" contentMode="scaleToFill" id="ecZ-B1-WSc">
                        <rect key="frame" x="0.0" y="0.0" width="834" height="1112"/>
                        <autoresizingMask key="autoresizingMask" widthSizable="YES" heightSizable="YES"/>
                        <subviews>
                            <view contentMode="scaleToFill" translatesAutoresizingMaskIntoConstraints="NO" id="dlD-wC-RhM" userLabel="Dynamic View">
                                <rect key="frame" x="20" y="82" width="794" height="142.5"/>
                                <subviews>
                                    <label opaque="NO" userInteractionEnabled="NO" contentMode="left" horizontalHuggingPriority="251" verticalHuggingPriority="251" textAlignment="natural" lineBreakMode="tailTruncation" numberOfLines="0" baselineAdjustment="alignBaselines" adjustsFontSizeToFit="NO" translatesAutoresizingMaskIntoConstraints="NO" id="nqb-Ne-rr2">
                                        <rect key="frame" x="0.0" y="0.0" width="794" height="142.5"/>
                                        <mutableString key="text">Chudi tore Chudi tore Chudi tore Chudi tore Chudi tore Chudi tore Chudi tore Chudi tore Chudi tore Chudi tore Chudi tore Chudi tore Chudi tore Chudi tore Chudi tore Chudi tore Chudi tore Chudi tore Chudi tore Chudi tore Chudi tore Chudi tore Chudi tore Chudi tore Chudi tore Chudi tore Chudi tore Chudi tore Chudi tore Chudi tore Chudi tore Chudi tore Chudi tore Chudi tore Chudi tore Chudi tore Chudi tore Chudi tore Chudi tore Chudi tore Chudi tore Chudi tore Chudi tore Chudi tore Chudi tore Chudi tore Chudi tore Chudi tore Chudi tore Chudi tore Chudi tore Chudi tore Chudi tore Chudi tore Chudi tore </mutableString>
                                        <fontDescription key="fontDescription" type="system" pointSize="17"/>
                                        <nil key="textColor"/>
                                        <nil key="highlightedColor"/>
                                    </label>
                                </subviews>
                                <color key="backgroundColor" red="0.0" green="1" blue="1" alpha="1" colorSpace="calibratedRGB"/>
                                <constraints>
                                    <constraint firstAttribute="bottom" secondItem="nqb-Ne-rr2" secondAttribute="bottom" id="TBw-R9-YXO"/>
                                    <constraint firstItem="nqb-Ne-rr2" firstAttribute="leading" secondItem="dlD-wC-RhM" secondAttribute="leading" id="XIT-Wu-h4m"/>
                                    <constraint firstAttribute="trailing" secondItem="nqb-Ne-rr2" secondAttribute="trailing" id="ilp-Iq-5gG"/>
                                    <constraint firstAttribute="height" relation="greaterThanOrEqual" id="kPI-Nw-Lr0"/>
                                    <constraint firstItem="nqb-Ne-rr2" firstAttribute="top" secondItem="dlD-wC-RhM" secondAttribute="top" id="vWf-zT-Qze"/>
                                </constraints>
                            </view>
                        </subviews>
                        <color key="backgroundColor" white="1" alpha="1" colorSpace="calibratedWhite"/>
                        <constraints>
                            <constraint firstItem="dlD-wC-RhM" firstAttribute="top" secondItem="QTc-tw-Cw1" secondAttribute="bottom" constant="18" id="21H-BC-QUa"/>
                            <constraint firstItem="dlD-wC-RhM" firstAttribute="trailing" secondItem="ecZ-B1-WSc" secondAttribute="trailingMargin" id="Pxm-hg-coK"/>
                            <constraint firstItem="dlD-wC-RhM" firstAttribute="leading" secondItem="ecZ-B1-WSc" secondAttribute="leadingMargin" id="a5F-cB-n8x"/>
                        </constraints>
                    </view>
                    <navigationItem key="navigationItem" title="Auto Layout 4" id="itJ-wg-hWQ">
                        <barButtonItem key="rightBarButtonItem" title="next" id="cNT-W5-Nfr">
                            <connections>
                                <segue destination="tf2-YX-C0W" kind="show" id="kf5-HY-7Ke"/>
                            </connections>
                        </barButtonItem>
                    </navigationItem>
                </viewController>
                <placeholder placeholderIdentifier="IBFirstResponder" id="4FF-kr-7ME" userLabel="First Responder" sceneMemberID="firstResponder"/>
            </objects>
            <point key="canvasLocation" x="2788.125" y="-197.53521126760563"/>
        </scene>
        <!--Auto Layout part 5-->
        <scene sceneID="Cu8-QK-zW0">
            <objects>
                <viewController id="tf2-YX-C0W" userLabel="Auto Layout part 5" sceneMemberID="viewController">
                    <layoutGuides>
                        <viewControllerLayoutGuide type="top" id="apu-2z-fMT"/>
                        <viewControllerLayoutGuide type="bottom" id="SD3-KU-PJF"/>
                    </layoutGuides>
                    <view key="view" contentMode="scaleToFill" id="xRV-Vw-iRN">
                        <rect key="frame" x="0.0" y="0.0" width="834" height="1112"/>
                        <autoresizingMask key="autoresizingMask" widthSizable="YES" heightSizable="YES"/>
                        <subviews>
                            <view contentMode="scaleToFill" translatesAutoresizingMaskIntoConstraints="NO" id="qvf-Ye-cVG" userLabel="Pink View">
                                <rect key="frame" x="0.0" y="72" width="525" height="128"/>
                                <color key="backgroundColor" red="1" green="0.43995733869999998" blue="0.46637199940000001" alpha="1" colorSpace="custom" customColorSpace="sRGB"/>
                                <constraints>
                                    <constraint firstAttribute="height" constant="128" id="5JN-s6-nY6"/>
                                </constraints>
                            </view>
                            <view contentMode="scaleToFill" translatesAutoresizingMaskIntoConstraints="NO" id="hCM-7b-TF9" userLabel="Green View">
                                <rect key="frame" x="552" y="72" width="262" height="128"/>
                                <color key="backgroundColor" red="0.46764679300000001" green="0.83125793150000005" blue="0.53996840599999996" alpha="1" colorSpace="custom" customColorSpace="sRGB"/>
                                <constraints>
                                    <constraint firstAttribute="height" constant="128" id="ngt-b1-O3c"/>
                                </constraints>
                            </view>
                        </subviews>
                        <color key="backgroundColor" white="1" alpha="1" colorSpace="calibratedWhite"/>
                        <constraints>
                            <constraint firstItem="hCM-7b-TF9" firstAttribute="trailing" secondItem="xRV-Vw-iRN" secondAttribute="trailingMargin" id="4PY-YQ-pdu"/>
                            <constraint firstItem="hCM-7b-TF9" firstAttribute="width" secondItem="qvf-Ye-cVG" secondAttribute="width" multiplier="1:2" id="HJR-hI-XeA"/>
                            <constraint firstItem="hCM-7b-TF9" firstAttribute="top" secondItem="apu-2z-fMT" secondAttribute="bottom" constant="8" id="Nmc-9h-w2r"/>
                            <constraint firstItem="qvf-Ye-cVG" firstAttribute="leading" secondItem="xRV-Vw-iRN" secondAttribute="leading" id="SYt-DH-Jrr"/>
                            <constraint firstItem="hCM-7b-TF9" firstAttribute="centerY" secondItem="qvf-Ye-cVG" secondAttribute="centerY" id="ZWm-gJ-77i"/>
                            <constraint firstItem="hCM-7b-TF9" firstAttribute="leading" secondItem="qvf-Ye-cVG" secondAttribute="trailing" constant="27" id="sGu-lR-qIr"/>
                        </constraints>
                    </view>
                    <navigationItem key="navigationItem" title="autolayout 5" id="iAz-t5-en2">
                        <barButtonItem key="rightBarButtonItem" title="next" id="oOl-e7-WoK">
                            <connections>
                                <segue destination="tU3-Tp-ZGa" kind="show" id="bUq-WP-kBC"/>
                            </connections>
                        </barButtonItem>
                    </navigationItem>
                </viewController>
                <placeholder placeholderIdentifier="IBFirstResponder" id="ATU-27-evv" userLabel="First Responder" sceneMemberID="firstResponder"/>
            </objects>
            <point key="canvasLocation" x="3592.5" y="-496.47887323943661"/>
        </scene>
        <!--View Controller-->
        <scene sceneID="2lR-jT-Uqk">
            <objects>
                <viewController id="tU3-Tp-ZGa" sceneMemberID="viewController">
                    <layoutGuides>
                        <viewControllerLayoutGuide type="top" id="bbp-0H-aF5"/>
                        <viewControllerLayoutGuide type="bottom" id="U42-eq-d51"/>
                    </layoutGuides>
                    <view key="view" contentMode="scaleToFill" id="OK7-js-T7W">
                        <rect key="frame" x="0.0" y="0.0" width="834" height="1112"/>
                        <autoresizingMask key="autoresizingMask" widthSizable="YES" heightSizable="YES"/>
                        <subviews>
                            <label opaque="NO" userInteractionEnabled="NO" contentMode="left" horizontalHuggingPriority="251" verticalHuggingPriority="251" horizontalCompressionResistancePriority="749" textAlignment="natural" lineBreakMode="tailTruncation" numberOfLines="0" baselineAdjustment="alignBaselines" adjustsFontSizeToFit="NO" translatesAutoresizingMaskIntoConstraints="NO" id="7nK-LB-RBH">
                                <rect key="frame" x="120" y="100" width="694" height="20"/>
                                <string key="text">fuck you kiss you like you  fuck you kiss you like you fuck you kiss you like you fuck you kiss you like you fuck you kiss you like you fuck you kiss you like you </string>
                                <fontDescription key="fontDescription" type="system" pointSize="16"/>
                                <nil key="textColor"/>
                                <nil key="highlightedColor"/>
                            </label>
                            <label opaque="NO" userInteractionEnabled="NO" contentMode="left" horizontalHuggingPriority="300" verticalHuggingPriority="300" text="Name:" textAlignment="natural" lineBreakMode="tailTruncation" baselineAdjustment="alignBaselines" adjustsFontSizeToFit="NO" translatesAutoresizingMaskIntoConstraints="NO" id="rba-hv-iQ5">
                                <rect key="frame" x="32" y="100" width="50" height="21"/>
                                <fontDescription key="fontDescription" type="system" pointSize="17"/>
                                <nil key="textColor"/>
                                <nil key="highlightedColor"/>
                            </label>
                        </subviews>
                        <color key="backgroundColor" white="1" alpha="1" colorSpace="calibratedWhite"/>
                        <constraints>
                            <constraint firstItem="7nK-LB-RBH" firstAttribute="top" secondItem="bbp-0H-aF5" secondAttribute="bottom" constant="80" id="A9B-PV-h6N"/>
                            <constraint firstItem="7nK-LB-RBH" firstAttribute="leading" secondItem="rba-hv-iQ5" secondAttribute="trailing" constant="38" id="f8U-K8-VTl"/>
                            <constraint firstItem="7nK-LB-RBH" firstAttribute="trailing" secondItem="OK7-js-T7W" secondAttribute="trailingMargin" id="h5P-a9-Xv1"/>
                            <constraint firstItem="rba-hv-iQ5" firstAttribute="leading" secondItem="OK7-js-T7W" secondAttribute="leadingMargin" constant="12" id="w8i-z8-rkT"/>
                            <constraint firstItem="rba-hv-iQ5" firstAttribute="top" secondItem="bbp-0H-aF5" secondAttribute="bottom" constant="80" id="zpg-aE-Ibv"/>
                        </constraints>
                    </view>
                </viewController>
                <placeholder placeholderIdentifier="IBFirstResponder" id="vU5-0F-gkM" userLabel="First Responder" sceneMemberID="firstResponder"/>
            </objects>
            <point key="canvasLocation" x="4299.375" y="-556.69014084507046"/>
        </scene>
        <!--Navigation Controller-->
        <scene sceneID="1NZ-cb-6a6">
            <objects>
                <navigationController automaticallyAdjustsScrollViewInsets="NO" id="f6f-rJ-uqn" sceneMemberID="viewController">
                    <toolbarItems/>
                    <navigationBar key="navigationBar" contentMode="scaleToFill" id="U4q-Og-Bjg">
                        <rect key="frame" x="0.0" y="0.0" width="375" height="44"/>
                        <autoresizingMask key="autoresizingMask"/>
                    </navigationBar>
                    <nil name="viewControllers"/>
                    <connections>
                        <segue destination="BYZ-38-t0r" kind="relationship" relationship="rootViewController" id="IPj-ma-FoO"/>
                    </connections>
                </navigationController>
                <placeholder placeholderIdentifier="IBFirstResponder" id="f8W-h7-E3N" userLabel="First Responder" sceneMemberID="firstResponder"/>
            </objects>
            <point key="canvasLocation" x="136.875" y="-660.21126760563379"/>
        </scene>
    </scenes>
</document>
