<?xml version="1.0" encoding="UTF-8"?>
<document type="com.apple.InterfaceBuilder3.CocoaTouch.Storyboard.XIB" version="3.0" toolsVersion="12121" systemVersion="16F73" targetRuntime="iOS.CocoaTouch" propertyAccessControl="none" useAutolayout="YES" useTraitCollections="YES" colorMatched="YES" initialViewController="BYZ-38-t0r">
    <device id="retina5_5" orientation="portrait">
        <adaptation id="fullscreen"/>
    </device>
    <dependencies>
        <deployment identifier="iOS"/>
        <plugIn identifier="com.apple.InterfaceBuilder.IBCocoaTouchPlugin" version="12089"/>
        <capability name="Constraints to layout margins" minToolsVersion="6.0"/>
        <capability name="documents saved in the Xcode 8 format" minToolsVersion="8.0"/>
    </dependencies>
    <scenes>
        <!--View Controller-->
        <scene sceneID="tne-QT-ifu">
            <objects>
                <viewController id="BYZ-38-t0r" customClass="ViewController" customModule="ShaikatAutoLAyout1" customModuleProvider="target" sceneMemberID="viewController">
                    <layoutGuides>
                        <viewControllerLayoutGuide type="top" id="y3c-jy-aDJ"/>
                        <viewControllerLayoutGuide type="bottom" id="wfy-db-euE"/>
                    </layoutGuides>
                    <view key="view" contentMode="scaleToFill" id="8bC-Xf-vdC">
                        <rect key="frame" x="0.0" y="0.0" width="414" height="736"/>
                        <autoresizingMask key="autoresizingMask" widthSizable="YES" heightSizable="YES"/>
                        <subviews>
                            <view contentMode="scaleToFill" translatesAutoresizingMaskIntoConstraints="NO" id="J9z-W2-uDu" userLabel="Red View">
                                <rect key="frame" x="29" y="29" width="357" height="678"/>
                                <subviews>
                                    <view contentMode="scaleToFill" translatesAutoresizingMaskIntoConstraints="NO" id="jcs-OP-Oqx" userLabel="Yello View">
                                        <rect key="frame" x="41" y="43" width="276" height="547"/>
                                        <subviews>
                                            <view contentMode="scaleToFill" translatesAutoresizingMaskIntoConstraints="NO" id="mUG-xx-PVm" userLabel="Blue View">
                                                <rect key="frame" x="19" y="24" width="237" height="490"/>
                                                <color key="backgroundColor" red="0.0" green="0.47843137250000001" blue="1" alpha="1" colorSpace="custom" customColorSpace="sRGB"/>
                                            </view>
                                        </subviews>
                                        <color key="backgroundColor" red="1" green="0.96497633360000001" blue="0.55826907999999997" alpha="1" colorSpace="custom" customColorSpace="sRGB"/>
                                        <constraints>
                                            <constraint firstItem="mUG-xx-PVm" firstAttribute="leading" secondItem="jcs-OP-Oqx" secondAttribute="leading" constant="19" id="7yA-60-1Mb"/>
                                            <constraint firstItem="mUG-xx-PVm" firstAttribute="top" secondItem="jcs-OP-Oqx" secondAttribute="top" constant="24" id="Hh6-eR-mqf"/>
                                            <constraint firstAttribute="bottom" secondItem="mUG-xx-PVm" secondAttribute="bottom" constant="33" id="dUV-89-YVu"/>
                                            <constraint firstAttribute="trailing" secondItem="mUG-xx-PVm" secondAttribute="trailing" constant="20" id="zRc-pl-bW8"/>
                                        </constraints>
                                    </view>
                                </subviews>
                                <color key="backgroundColor" red="1" green="0.43995733869999998" blue="0.46637199940000001" alpha="1" colorSpace="custom" customColorSpace="sRGB"/>
                                <constraints>
                                    <constraint firstItem="jcs-OP-Oqx" firstAttribute="leading" secondItem="J9z-W2-uDu" secondAttribute="leading" constant="41" id="C4Q-kz-NfR"/>
                                    <constraint firstItem="jcs-OP-Oqx" firstAttribute="top" secondItem="J9z-W2-uDu" secondAttribute="top" constant="43" id="OEQ-PA-hMr"/>
                                    <constraint firstAttribute="trailing" secondItem="jcs-OP-Oqx" secondAttribute="trailing" constant="40" id="Shn-uI-7oB"/>
                                    <constraint firstAttribute="bottom" secondItem="jcs-OP-Oqx" secondAttribute="bottom" constant="88" id="fyV-Hg-YwW"/>
                                </constraints>
                            </view>
                        </subviews>
                        <color key="backgroundColor" red="1" green="1" blue="1" alpha="1" colorSpace="custom" customColorSpace="sRGB"/>
                        <constraints>
                            <constraint firstItem="J9z-W2-uDu" firstAttribute="top" secondItem="y3c-jy-aDJ" secondAttribute="bottom" constant="9" id="9E5-y4-jAG"/>
                            <constraint firstItem="wfy-db-euE" firstAttribute="top" secondItem="J9z-W2-uDu" secondAttribute="bottom" constant="29" id="Ikb-XJ-sy6"/>
                            <constraint firstAttribute="trailingMargin" secondItem="J9z-W2-uDu" secondAttribute="trailing" constant="8" id="JaN-h7-6rd"/>
                            <constraint firstItem="wfy-db-euE" firstAttribute="top" secondItem="J9z-W2-uDu" secondAttribute="bottom" constant="29" id="Na6-vL-X0W"/>
                            <constraint firstItem="J9z-W2-uDu" firstAttribute="top" secondItem="y3c-jy-aDJ" secondAttribute="bottom" constant="9" id="osS-Ok-sCT"/>
                            <constraint firstItem="J9z-W2-uDu" firstAttribute="leading" secondItem="8bC-Xf-vdC" secondAttribute="leadingMargin" constant="9" id="yj4-Yd-5ub"/>
                        </constraints>
                    </view>
                </viewController>
                <placeholder placeholderIdentifier="IBFirstResponder" id="dkx-z0-nzr" sceneMemberID="firstResponder"/>
            </objects>
            <point key="canvasLocation" x="116" y="122.78860569715144"/>
        </scene>
    </scenes>
</document>
